n,trees,count_ok,viol5,viol4,min_delta_W5_exact,n_times_min_delta,equals_star_closed_form,argmin_par,argmin_alpha,argmin_k,runner_up_n_times,window_top_min_n_delta_q,newton_min_exact,newton_min_float,newton_fail_trees,VD_min_float,VD_min_V,VD_min_alpha,VD_min_k,VD_min_q
10,106,True,0,0,1/3,3.3333333333333335,True,"0,1,1,1,1,1,1,1,1,1",9,4,3.4133333333333336,3.507728894173603,38/45,0.8444444444444444,26,0.547584229904,1.55629202183,9,2,6
11,235,True,0,0,11/36,3.361111111111111,True,"0,1,1,1,1,1,1,1,1,1,1",10,5,3.44287109375,3.765121107266436,12632/13467,0.9379965842429643,45,0.516414299025,0.87692994174,6,4,4
12,551,True,0,0,2/7,3.4285714285714284,True,"0,1,1,1,1,1,1,1,1,1,1,1",11,5,3.4760212108851465,3.6,19621/21160,0.9272684310018904,67,0.573769518053,1.02573321663,7,5,5
13,1301,True,0,0,13/49,3.4489795918367347,True,"0,1,1,1,1,1,1,1,1,1,1,1,1",12,6,3.523556449296179,3.7555555555555555,14665/15884,0.9232561067741123,127,0.512170308921,0.890339793378,7,5,5
14,3159,True,0,0,1/4,3.5,True,"0,1,1,1,1,1,1,1,1,1,1,1,1,1",13,6,3.5703758492220032,3.92,19552/21025,0.9299405469678954,264,0.606040799244,1.13782801543,7,5,5
15,7741,True,0,0,15/64,3.515625,True,"0,1,1,1,1,1,1,1,1,1,1,1,1,1,1",14,7,3.6194001479238813,3.75,231395/244824,0.9451483514688103,562,0.637329501177,1.44283138959,8,5,5
16,19320,True,0,0,2/9,3.5555555555555554,True,"0,1,1,1,1,1,1,1,1,1,1,1,1,1,1,1",15,7,3.6711885793550034,3.878787878787879,895/961,0.931321540062435,972,0.652261030656,1.26548517815,9,6,6
17,48629,True,0,0,17/81,3.567901234567901,True,"0,1,1,1,1,1,1,1,1,1,1,1,1,1,1,1,1",16,8,3.7006458055130205,4.013888888888889,212949/229441,0.9281209548424214,1802,0.644815687409,1.5121491975,9,6,6
18,123867,True,0,0,1/5,3.6,True,"0,1,1,1,1,1,1,1,1,1,1,1,1,1,1,1,1,1",17,8,3.725910853436735,3.857142857142857,5294575/5657407,0.9358660248414159,4328,0.643983261088,1.25713577582,10,7,7
19,317955,True,0,0,19/100,3.61,True,"0,1,1,1,1,1,1,1,1,1,1,1,1,1,1,1,1,1,1",18,9,3.7493636037511595,3.967032967032967,5957452/6315169,0.9433559101902103,9639,0.649458127243,1.54044871545,10,7,7
20,823065,True,0,0,2/11,3.6363636363636362,True,"0,1,1,1,1,1,1,1,1,1,1,1,1,1,1,1,1,1,1,1",19,9,3.7563029109071553,4.081632653061225,313071/336200,0.9312046400951814,18798,0.677619638083,1.6717490506,10,7,7
21,2144505,True,0,0,21/121,3.644628099173554,True,"0,1,1,1,1,1,1,1,1,1,1,1,1,1,1,1,1,1,1,1,1",20,10,3.775369945595457,3.9375,47710916/51366231,0.928838169964232,35767,0.712352426713,1.81847200751,11,7,7
22,5623756,True,0,0,1/6,3.6666666666666665,True,"0,1,1,1,1,1,1,1,1,1,1,1,1,1,1,1,1,1,1,1,1,1",21,10,3.779812020000431,4.033333333333333,719262/767125,0.9376072999837054,86311,0.685192860477,1.73187924984,12,8,8
23,14828074,True,0,0,23/144,3.673611111111111,True,"0,1,1,1,1,1,1,1,1,1,1,1,1,1,1,1,1,1,1,1,1,1,1",22,11,3.7958384080544385,4.1328125,17548051/18643968,0.9412186826323666,206002,0.712324600281,1.79939543549,13,9,9
24,39299897,True,0,0,2/13,3.6923076923076925,True,"0,1,1,1,1,1,1,1,1,1,1,1,1,1,1,1,1,1,1,1,1,1,1,1",23,11,3.7991654518950435,4.0,8715130515/9363116419,0.9307937790151705,438478,0.681458528709,1.74515226999,13,9,9
25,104636890,True,0,0,25/169,3.698224852071006,True,"0,1,1,1,1,1,1,1,1,1,1,1,1,1,1,1,1,1,1,1,1,1,1,1,1",24,12,3.8128059107699053,4.084967320261438,1030660124/1109603045,0.9288548086131109,862115,0.717774903548,1.90649363695,13,9,9
26,279793450,True,0,0,1/7,3.7142857142857144,True,"0,1,1,1,1,1,1,1,1,1,1,1,1,1,1,1,1,1,1,1,1,1,1,1,1,1",25,12,3.815377926089716,4.172839506172839,521491511/556963690,0.9363115053334985,1985689,0.737549776262,2.246495975,14,9,9
27,751065460,True,0,0,27/196,3.7193877551020407,True,"0,1,1,1,1,1,1,1,1,1,1,1,1,1,1,1,1,1,1,1,1,1,1,1,1,1,1",26,13,3.8271187377838065,4.05,20434959248/21760085169,0.939102907423919,4841128,0.74777258725,2.08535989003,15,10,10
